{
    "1": {
        "currTracked": [
            "0.3967494480191103",
            "0.4356089632506571"
        ],
        "visitorCount": 10,
        "undistancedCount": 5,
        "violationsCount": 6,
        "unmaskedCount": 5,
        "averageDistance": 1
    },
    "2": {
        "currTracked": [
            "0.7",
            "0.2"
        ],
        "visitorCount": 12,
        "undistancedCount": 5,
        "violationsCount": 6,
        "unmaskedCount": 5,
        "averageDistance": 1
    },
    "3": {
        "currTracked": [
            "0.5",
            "0.4",
            "0.715433504558889",
            "0.13344684524784456",
            "0.9782486262610183",
            "0.21515791557359376",
            "0.5412960103594359",
            "0.21437905152195313"
        ],
        "visitorCount": 11,
        "undistancedCount": 10,
        "violationsCount": 9,
        "unmaskedCount": 2,
        "averageDistance": 4,
        "enforcementStatus": "low"
    }
}