{
    "1": {
        "currTracked": [
            "0.3967494480191103",
            "0.4356089632506571"
        ],
        "visitorCount": 10,
        "undistancedCount": 5,
        "violationsCount": 6,
        "unmaskedCount": 5,
        "averageDistance": 1
    },
    "2": {
        "currTracked": [
            "0.7",
            "0.2"
        ],
        "visitorCount": 12,
        "undistancedCount": 5,
        "violationsCount": 6,
        "unmaskedCount": 5,
        "averageDistance": 1
    },
    "3": {
        "currTracked": [
            "0.5",
            "0.4",
            "0.715433504558889",
            "0.13344684524784456",
            "0.9782486262610183",
            "0.21515791557359376",
            "0.5412960103594359",
            "0.21437905152195313",
            "0.47286220898980424",
            "0.8567818285297989",
            "0.6228503265082052",
            "0.35472297581590806",
            "0.9494994971613541",
            "0.1813728571995652",
            "0.26760649565304706",
            "0.6561749352780414",
            "0.6520899303218088",
            "0.5241424690747594",
            "0.5613359847528697",
            "0.5209442031765773",
            "0.34759707926698047",
            "0.9547942748814516",
            "0.32598518693646417",
            "0.9856687885769975",
            "0.14599347025314946",
            "0.12705074502731417",
            "0.9151452275212909",
            "0.842600219980952",
            "0.12299891253150852",
            "0.7719961141934907",
            "0.06903830798927313",
            "0.8424887489156418",
            "0.0004517233846889068",
            "0.44257410750799386",
            "0.4102472809098797",
            "0.7743112708492856",
            "0.11021741902347315",
            "0.4787992446868772",
            "0.41809922260442334",
            "0.8854885068742826",
            "0.16650275175569262",
            "0.11972444999245946",
            "0.4401387143575145",
            "0.17197665007011353",
            "0.8400371416440149",
            "0.30853862818194266",
            "0.6220788698558117",
            "0.1375599510542196",
            "0.657594069590228",
            "0.9562891449116341",
            "0.26685566198595456",
            "0.37242766802419713",
            "0.1732900566926313",
            "0.37795897204257045",
            "0.6726303373979506",
            "0.36564172957316143",
            "0.6356817580643171",
            "0.6241387766275561",
            "0.6111539986021747",
            "0.009654203896750979",
            "0.32678666126970646",
            "0.38557305303117173",
            "0.7641280053308566",
            "0.061421260279085454",
            "0.7939178898546431",
            "0.5910628057020114",
            "0.830666009558186",
            "0.5164767971647094",
            "0.4461619535834017"
        ],
        "visitorCount": 72,
        "undistancedCount": 71,
        "violationsCount": 70,
        "unmaskedCount": 2,
        "averageDistance": 4,
        "enforcementStatus": "low"
    }
}