time,num_people,average_distance
1601243495.3876655,4,5
1601243495.387681,2,2
1601243495.3876863,3,3
1601243495.3876903,1,2
1601243495.3876944,3,1
