{
	"calibration":{
		"lonlat": [
			[40.759271, -73.984976],
			[40.759316, -73.985132],
			[40.759196, -73.985201],
			[40.759104, -73.985035]
		],
		"pixel": [
			[330, 250],
			[50, 370],
			[945,395],
			[815,245]
		],
		"lonlat_origin": [40.759260, -73.985235]
	},
	"3DCoordinates": [
		[2.384434869723009, -1.85698561688409, 0.0],
		[8.587657456270676, 2.440895720460716, 0.0],
		[6.345325819132199, -5.3395119162800295, 0.0],
		[4.047941501549985, -5.067226411492491, 0.0],
		[7.230668653526209, 0.6125688207688189, 0.0],
		[10.479836307545156, 3.6550590157541953, 0.0],
		[27.302557584578153, -9.860221363252752, 0.0],
		[9.153856138982519, 2.9883393242865406, 0.0],
		[12.723356781872326, 1.2352820743239987, 0.0],
		[29.30897098502669, -4.829200045957881, 0.0],
		[4.1805017632151475, -4.453051424833568, 0.0],
		[22.460041047088453, -3.6001015904549485, 0.0],
		[16.24039046599478, -3.85543409953753, 0.0],
		[8.945858666738218, -8.119300440466935, 0.0]
	],
	"lat-long": [
		[40.75923797691748, 40.7592889480152, 40.75919667559379, 40.75919990478743, 40.75926726481323, 40.75930334749045, 40.75914306184672, 40.759295440470254, 40.75927464993525, 40.759202727681824, 40.75920718864913, 40.75921730428191, 40.7592142761438, 40.7591637084499], 
		[-73.98521358035511, -73.9851578561134, -73.98517799922908, -73.98519863688914, -73.98517004609546, -73.98514085845933, -73.98498973807416, -73.98515276988736, -73.9851207046642, -73.98497171423837, -73.9851974460855, -73.98503323894137, -73.98508911075758, -73.9851546383519]
	], 
	"masked": [0, 0, 0, 0, 0, 0, 0, 0, 0, 0, 0, 0, 0, 0], 
	"distanced": [1, 0, 1, 0, 1, 0, 1, 0, 1, 1, 0, 1, 1, 1]
}