{
	"calibration":{
		"lonlat": [
			[53.345529, -6.264214],
			[53.345487, -6.264320],
			[53.345506, -6.264312],
			[53.345568, -6.264214]
		],
		"pixel": [
			[300, 258],
			[655,345],
			[395,341],
			[20, 255]
		],
		"lonlat_origin": [53.345543, -6.264508]
	},
   "3DCoordinates":[
      [
         21.019374524849077,
         -3.052372485043245,
         0.0
      ],
      [
         21.212704236474522,
         -3.1052646051064494,
         0.0
      ],
      [
         21.238519634822417,
         -3.1051252695559253,
         0.0
      ]
   ],
   "lat-long":[
      [
         53.34549706950188,
         53.34549627360904,
         53.345496275705685
      ],
      [
         -6.26431918060973,
         -6.264317443907326,
         -6.264317212004718
      ]
   ],
   "masked":[
      0,
      0,
      0
   ],
   "distanced":[
      0,
      0,
      0
   ]
}