{"3DCoordinates": [[21.019374524849077, -3.052372485043245, 0.0], [21.212704236474522, -3.1052646051064494, 0.0], [21.238519634822417, -3.1051252695559253, 0.0]], "lat-long": [[53.34549706950188, 53.34549627360904, 53.345496275705685], [-6.26431918060973, -6.264317443907326, -6.264317212004718]], "masked": [0, 0, 0], "distanced": [0, 0, 0]}
