{"3DCoordinates": [[8.412175154140868, 2.4403851453742713, 0.0], [4.156393975347328, -5.12497626153631, 0.0], [27.62719396790999, -9.93413642392723, 0.0], [9.619960341591423, 3.5459631462991785, 0.0], [9.494092399609713, 3.060253504228654, 0.0], [6.252609360703332, -5.321635644182389, 0.0], [10.170313580545098, -5.352337659869955, 0.0], [29.23386434079191, -4.848951838148671, 0.0], [27.68742719900615, -11.54502516129154, 0.0], [12.06906345372488, -0.6945624381416491, 0.0], [11.105622057097548, 0.41624083277518426, 0.0], [12.690675452975029, 1.2359241517252284, 0.0], [7.014582091011334, -6.16324582034945, 0.0]], "lat-long": [[40.75928894195999, 40.75919921989806, 40.75914218524463, 40.759302053658494, 40.75929629334273, 40.759196887598996, 40.75919652348577, 40.759202493433726, 40.75912308076947, 40.75925176277632, 40.759264936444374, 40.75927465755002, 40.75918690644988], [-73.98515943249053, -73.98519766264845, -73.98498682182925, -73.98514858282122, -73.98514971350701, -73.98517883211139, -73.98514363893658, -73.98497238892975, -73.9849862807474, -73.98512658225428, -73.98513523695601, -73.98512099824423, -73.9851719872252]], "safe": [0, 1, 0, 0, 0, 0, 1, 1, 0, 0, 0, 0, 0]}
