{"3DCoordinates": [[10.165773241261604, -5.330018764720875, 0.0], [8.506499273224222, 2.4163216381104546, 0.0], [4.066461466715623, -5.016000208376962, 0.0], [9.558054572393075, 3.4803274279626577, 0.0], [4.65990774569093, -4.761508601384663, 0.0], [27.3743221757195, -9.88511143663836, 0.0], [9.11304899795482, 2.99432625012099, 0.0], [29.208479585170153, -4.844271783707341, 0.0], [12.012883182959513, -0.719132278655697, 0.0], [6.373638542328877, -5.355772214739144, 0.0], [12.059270891855931, 0.393535633961612, 0.0], [7.403706605151115, -7.246794238527184, 0.0], [3.2730792513206097, 2.1468175107203216, 0.0]], "lat-long": [[40.75919678817865, 40.75928865657673, 40.75920051230904, 40.75930127524598, 40.7592035304744, 40.75914276666073, 40.75929551147272, 40.75920254893724, 40.75925147138816, 40.75919648275337, 40.75926466717009, 40.75917405601312, 40.75928546036908], [-73.98514367972295, -73.98515858516643, -73.98519847052222, -73.98514913892767, -73.98519313952798, -73.98498909340482, -73.98515313646247, -73.98497261696384, -73.98512708692793, -73.98517774489272, -73.98512667022196, -73.9851684916762, -73.98520559756332]], "masked": [0, 0, 0, 0, 0, 0, 0, 0, 0, 0, 0, 0, 0], "distanced": [1, 0, 0, 0, 0, 1, 0, 1, 0, 0, 0, 1, 1]}