{"3DCoordinates": [[8.412175149395011, 2.4403851495681774, 0.0], [4.156393954781947, -5.124976253148499, 0.0], [27.62719400904075, -9.934136412543772, 0.0], [9.619960338427518, 3.545963151092214, 0.0], [9.49409239802776, 3.0602535084225595, 0.0], [6.25260935279357, -5.321635636393706, 0.0], [10.170313580545098, -5.352337650883014, 0.0], [29.233864378758767, -4.848951831558248, 0.0], [27.687427246464722, -11.54502515110634, 0.0], [12.069063463216594, -0.6945624321503551, 0.0], [11.105622057097548, 0.4162408381673489, 0.0], [12.690675457720886, 1.2359241565182637, 0.0], [7.01458208151962, -6.163245812560768, 0.0]], "lat-long": [[40.75928894196004, 40.75919921989816, 40.75914218524476, 40.75930205365855, 40.75929629334278, 40.75919688759909, 40.759196523485876, 40.759202493433804, 40.75912308076959, 40.759251762776394, 40.75926493644444, 40.75927465755008, 40.75918690644997], [-73.98515943249058, -73.98519766264863, -73.98498682182888, -73.98514858282125, -73.98514971350703, -73.98517883211146, -73.98514363893658, -73.9849723889294, -73.98498628074698, -73.9851265822542, -73.98513523695601, -73.98512099824418, -73.98517198722529]], "wearingMasks": [0, 0, 0, 0, 0, 0, 0, 0, 0, 0, 0, 0, 0], "safe": [0, 1, 0, 0, 0, 0, 1, 1, 0, 0, 0, 0, 0]}