{"3DCoordinates": [[12.9688840233365, 0.5163481338642744, 0.0], [13.839982148839454, 1.9525272253533823, 0.0], [11.06901361217865, -1.3238237549459109, 0.0], [15.102155142727725, 4.319791986913058, 0.0], [80.68765702917801, 7.9905212766872955, 0.0], [46.75679203436175, -1.1813261351713178, 0.0]], "lat-long": [[40.75926612367562, 40.75928315616653, 40.75924429999698, 40.75931123094897, 40.7593547642824, 40.7592459899599], [-73.98511849906555, -73.98511067389374, -73.98513556581376, -73.98509933565269, -73.98451017376007, -73.98481497851209]], "wearingMasks": [0, 0, 0, 1, 0, 0], "safe": [0, 0, 1, 1, 1, 1]}