{"3DCoordinates": [[3.8441912960973923, 3.101170588262477, 0.0], [8.45916174906506, 2.4431833708897783, 0.0], [9.00722060659632, 3.5419961151680095, 0.0], [4.080723040800649, -5.057544353831646, 0.0], [9.055873723457921, 3.0084407516246223, 0.0], [10.120264643849737, -5.229358298233064, 0.0], [27.343896258430505, -9.836208861672885, 0.0], [6.289520172084053, -5.360722082316645, 0.0], [29.041227127520983, -4.813436425778576, 0.0], [12.338226129487566, 0.3297475468433948, 0.0], [28.476164585583206, -8.307836604912021, 0.0], [12.820171210340163, 1.1757212807512176, 0.0], [4.146259124867129, -4.523039077800322, 0.0], [47.47875169253234, -25.253930608688172, 0.0]], "lat-long": [[40.75929677860245, 40.759288975145786, 40.759302006611144, 40.759200019612635, 40.75929567886488, 40.75919798197021, 40.75914334662507, 40.75919642404998, 40.75920291463185, 40.75926391066972, 40.75916147248885, 40.759273943568836, 40.75920635862447, 40.75896049881239], [-73.9852004672, -73.9851590104047, -73.98515408713074, -73.9851983424089, -73.98515365007435, -73.98514408853177, -73.98498936672424, -73.98517850053744, -73.98497411941136, -73.98512416433589, -73.98497919543132, -73.98511983496937, -73.98519775369094, -73.9848084930678]], "wearingMasks": [0, 0, 0, 0, 0, 0, 0, 0, 0, 0, 0, 0, 0, 0], "safe": [1, 0, 0, 0, 0, 1, 0, 1, 1, 0, 0, 0, 0, 1]}