{"3DCoordinates": [[4.058124209252583, -5.058180091245473, 0.0], [7.414401531622161, 0.609591492706135, 0.0], [4.240581056110386, -4.459314652974814, 0.0], [27.390939808385042, -9.852470409316817, 0.0], [8.580629593420781, 2.4305369491283937, 0.0], [29.174152877128563, -4.837943168379818, 0.0], [6.7039658347056275, -5.508885947504459, 0.0], [11.020099193174246, -3.678433333674859, 0.0], [9.19192468478684, 2.9820349653122578, 0.0], [11.96639295247735, -0.728950005576366, 0.0], [9.622186021987318, 3.4590849418900897, 0.0], [12.730311552195985, 1.2064860983816614, 0.0], [10.455106798167435, -4.709300666617431, 0.0], [12.261238089892004, 0.3500713027172319, 0.0]], "lat-long": [[40.75920001207305, 40.75926722950335, 40.75920711436983, 40.759143153769834, 40.75928882516445, 40.759202623992, 40.75919466688773, 40.759216375299786, 40.75929536570316, 40.759251354953975, 40.75930102331887, 40.75927430842687, 40.75920414963895, 40.759264151701075], [-73.98519854541674, -73.98516839560249, -73.98519690638649, -73.98498894412677, -73.98515791924548, -73.9849729253245, -73.98517477752574, -73.98513600521746, -73.98515242791336, -73.98512750455487, -73.98514856282769, -73.98512064218872, -73.98514108060728, -73.98512485592805]], "wearingMasks": [0, 0, 0, 0, 0, 0, 0, 0, 0, 0, 0, 0, 0, 0], "safe": [0, 1, 0, 1, 0, 1, 1, 0, 0, 0, 0, 0, 0, 0]}